Metric,Value
design__instance__count,155927
design__instance__area,778377
design__instance_unmapped__count,0
synthesis__check_error__count,0
design__max_slew_violation__count__corner:nom_tt_025C_1v80,3
design__max_fanout_violation__count__corner:nom_tt_025C_1v80,0
design__max_cap_violation__count__corner:nom_tt_025C_1v80,88
power__internal__total,0.013588759116828442
power__switching__total,0.005030177067965269
power__leakage__total,8.65686104134511E-7
power__total,0.018619801849126816
clock__skew__worst_hold__corner:nom_tt_025C_1v80,-0.6256750850070039
clock__skew__worst_setup__corner:nom_tt_025C_1v80,0.47491290022569727
timing__hold__ws__corner:nom_tt_025C_1v80,0.2842037796655764
timing__setup__ws__corner:nom_tt_025C_1v80,7.662585449705285
timing__hold__tns__corner:nom_tt_025C_1v80,0.0
timing__setup__tns__corner:nom_tt_025C_1v80,0.0
timing__hold__wns__corner:nom_tt_025C_1v80,0
timing__setup__wns__corner:nom_tt_025C_1v80,0.0
timing__hold_vio__count__corner:nom_tt_025C_1v80,0
timing__hold_r2r__ws__corner:nom_tt_025C_1v80,0.284204
timing__hold_r2r_vio__count__corner:nom_tt_025C_1v80,0
timing__setup_vio__count__corner:nom_tt_025C_1v80,0
timing__setup_r2r__ws__corner:nom_tt_025C_1v80,8.917118
timing__setup_r2r_vio__count__corner:nom_tt_025C_1v80,0
design__max_slew_violation__count__corner:nom_ss_100C_1v60,4012
design__max_fanout_violation__count__corner:nom_ss_100C_1v60,0
design__max_cap_violation__count__corner:nom_ss_100C_1v60,87
clock__skew__worst_hold__corner:nom_ss_100C_1v60,-0.896593158428053
clock__skew__worst_setup__corner:nom_ss_100C_1v60,0.6484676312802682
timing__hold__ws__corner:nom_ss_100C_1v60,0.14510704160083507
timing__setup__ws__corner:nom_ss_100C_1v60,-1.440753335193327
timing__hold__tns__corner:nom_ss_100C_1v60,0.0
timing__setup__tns__corner:nom_ss_100C_1v60,-29.117775681429933
timing__hold__wns__corner:nom_ss_100C_1v60,0
timing__setup__wns__corner:nom_ss_100C_1v60,-1.440753335193327
timing__hold_vio__count__corner:nom_ss_100C_1v60,0
timing__hold_r2r__ws__corner:nom_ss_100C_1v60,0.816235
timing__hold_r2r_vio__count__corner:nom_ss_100C_1v60,0
timing__setup_vio__count__corner:nom_ss_100C_1v60,64
timing__setup_r2r__ws__corner:nom_ss_100C_1v60,-1.440753
timing__setup_r2r_vio__count__corner:nom_ss_100C_1v60,64
design__max_slew_violation__count__corner:nom_ff_n40C_1v95,0
design__max_fanout_violation__count__corner:nom_ff_n40C_1v95,0
design__max_cap_violation__count__corner:nom_ff_n40C_1v95,89
clock__skew__worst_hold__corner:nom_ff_n40C_1v95,-0.5142491023013924
clock__skew__worst_setup__corner:nom_ff_n40C_1v95,0.4072261254580919
timing__hold__ws__corner:nom_ff_n40C_1v95,0.08479039932391856
timing__setup__ws__corner:nom_ff_n40C_1v95,10.380764985874077
timing__hold__tns__corner:nom_ff_n40C_1v95,0.0
timing__setup__tns__corner:nom_ff_n40C_1v95,0.0
timing__hold__wns__corner:nom_ff_n40C_1v95,0
timing__setup__wns__corner:nom_ff_n40C_1v95,0.0
timing__hold_vio__count__corner:nom_ff_n40C_1v95,0
timing__hold_r2r__ws__corner:nom_ff_n40C_1v95,0.084790
timing__hold_r2r_vio__count__corner:nom_ff_n40C_1v95,0
timing__setup_vio__count__corner:nom_ff_n40C_1v95,0
timing__setup_r2r__ws__corner:nom_ff_n40C_1v95,13.050591
timing__setup_r2r_vio__count__corner:nom_ff_n40C_1v95,0
design__max_slew_violation__count,5061
design__max_fanout_violation__count,0
design__max_cap_violation__count,145
clock__skew__worst_hold,-0.49448557759187955
clock__skew__worst_setup,0.3941943272264774
timing__hold__ws,-0.06048073324459691
timing__setup__ws,-2.031297854083162
timing__hold__tns,-0.06048073324459691
timing__setup__tns,-73.6117676538511
timing__hold__wns,-0.06048073324459691
timing__setup__wns,-2.031297854083162
timing__hold_vio__count,1
timing__hold_r2r__ws,0.081966
timing__hold_r2r_vio__count,0
timing__setup_vio__count,202
timing__setup_r2r__ws,-2.031298
timing__setup_r2r_vio__count,202
design__die__bbox,0.0 0.0 900.0 900.0
design__core__bbox,5.52 10.88 894.24 886.72
design__io,284
design__die__area,810000
design__core__area,778377
design__instance__count__stdcell,48065
design__instance__area__stdcell,413533
design__instance__count__macros,0
design__instance__area__macros,0
design__instance__count__padcells,0
design__instance__area__padcells,0
design__instance__count__cover,0
design__instance__area__cover,0
design__instance__utilization,0.531276
design__instance__utilization__stdcell,0.531276
design__rows,322
design__rows:unithd,322
design__sites,622104
design__sites:unithd,622104
design__instance__count__class:buffer,3077
design__instance__area__class:buffer,12924.9
design__instance__count__class:inverter,284
design__instance__area__class:inverter,1106.06
design__instance__count__class:sequential_cell,4091
design__instance__area__class:sequential_cell,87019.7
design__instance__count__class:multi_input_combinational_cell,22670
design__instance__area__class:multi_input_combinational_cell,229782
flow__warnings__count,1
flow__errors__count,0
flow__warnings__count:ODB-0220,2
flow__warnings__type_count,1
flow__warnings__count:ORD-0039,1
design__instance__count__class:fill_cell,107862
design__instance__area__class:fill_cell,364844
design__instance__count__class:tap_cell,11016
design__instance__area__class:tap_cell,13783.2
design__power_grid_violation__count__net:VGND,0
design__power_grid_violation__count__net:VPWR,0
design__power_grid_violation__count,0
flow__warnings__count:GPL-0302,1
floorplan__design__io,282
design__io__hpwl,64482201
flow__warnings__count:GRT-0281,1
timing__drv__floating__nets,2
timing__drv__floating__pins,0
design__instance__displacement__total,14308.4
design__instance__displacement__mean,0.294
design__instance__displacement__max,12.88
route__wirelength__estimated,1.18837E+6
design__violations,0
design__instance__count__class:timing_repair_buffer,5934
design__instance__area__class:timing_repair_buffer,57616.5
flow__warnings__count:RSZ-0020,1
flow__warnings__count:STA-1140,6
design__instance__count__class:clock_buffer,748
design__instance__area__class:clock_buffer,9740.59
design__instance__count__class:clock_inverter,115
design__instance__area__class:clock_inverter,1234.93
design__instance__count__setup_buffer,0
design__instance__count__hold_buffer,3318
global_route__vias,228
global_route__wirelength,2016635
antenna__violating__nets,0
antenna__violating__pins,0
route__antenna_violation__count,0
antenna_diodes_count,77
design__instance__count__class:antenna_cell,130
design__instance__area__class:antenna_cell,325.312
flow__warnings__count:GRT-0243,1
route__net,36707
route__net__special,2
route__drc_errors__iter:0,348
route__wirelength__iter:0,1438821
route__drc_errors__iter:1,87
route__wirelength__iter:1,1438765
route__drc_errors__iter:2,75
route__wirelength__iter:2,1438743
route__drc_errors__iter:3,0
route__wirelength__iter:3,1438721
route__drc_errors__iter:4,0
route__wirelength__iter:4,1438738
route__drc_errors__iter:5,0
route__wirelength__iter:5,1438819
route__drc_errors,0
route__wirelength,1438721
route__vias,294274
route__vias__singlecut,294274
route__vias__multicut,0
flow__warnings__count:DRT-0349,10
design__disconnected_pin__count,0
design__critical_disconnected_pin__count,0
route__wirelength__max,1459.98
timing__unannotated_net__count__corner:nom_tt_025C_1v80,404
timing__unannotated_net_filtered__count__corner:nom_tt_025C_1v80,0
timing__unannotated_net__count__corner:nom_ss_100C_1v60,404
timing__unannotated_net_filtered__count__corner:nom_ss_100C_1v60,0
timing__unannotated_net__count__corner:nom_ff_n40C_1v95,404
timing__unannotated_net_filtered__count__corner:nom_ff_n40C_1v95,0
design__max_slew_violation__count__corner:min_tt_025C_1v80,0
design__max_fanout_violation__count__corner:min_tt_025C_1v80,0
design__max_cap_violation__count__corner:min_tt_025C_1v80,42
clock__skew__worst_hold__corner:min_tt_025C_1v80,-0.5957314810075807
clock__skew__worst_setup__corner:min_tt_025C_1v80,0.4587594600718825
timing__hold__ws__corner:min_tt_025C_1v80,0.2912862256068729
timing__setup__ws__corner:min_tt_025C_1v80,8.005234035575322
timing__hold__tns__corner:min_tt_025C_1v80,0.0
timing__setup__tns__corner:min_tt_025C_1v80,0.0
timing__hold__wns__corner:min_tt_025C_1v80,0
timing__setup__wns__corner:min_tt_025C_1v80,0.0
timing__hold_vio__count__corner:min_tt_025C_1v80,0
timing__hold_r2r__ws__corner:min_tt_025C_1v80,0.291286
timing__hold_r2r_vio__count__corner:min_tt_025C_1v80,0
timing__setup_vio__count__corner:min_tt_025C_1v80,0
timing__setup_r2r__ws__corner:min_tt_025C_1v80,9.262994
timing__setup_r2r_vio__count__corner:min_tt_025C_1v80,0
timing__unannotated_net__count__corner:min_tt_025C_1v80,404
timing__unannotated_net_filtered__count__corner:min_tt_025C_1v80,0
design__max_slew_violation__count__corner:min_ss_100C_1v60,2817
design__max_fanout_violation__count__corner:min_ss_100C_1v60,0
design__max_cap_violation__count__corner:min_ss_100C_1v60,42
clock__skew__worst_hold__corner:min_ss_100C_1v60,-0.8499754474171161
clock__skew__worst_setup__corner:min_ss_100C_1v60,0.6197982302822442
timing__hold__ws__corner:min_ss_100C_1v60,0.3207363354578932
timing__setup__ws__corner:min_ss_100C_1v60,-0.7907417167090457
timing__hold__tns__corner:min_ss_100C_1v60,0.0
timing__setup__tns__corner:min_ss_100C_1v60,-6.797746558058726
timing__hold__wns__corner:min_ss_100C_1v60,0
timing__setup__wns__corner:min_ss_100C_1v60,-0.7907417167090457
timing__hold_vio__count__corner:min_ss_100C_1v60,0
timing__hold_r2r__ws__corner:min_ss_100C_1v60,0.824200
timing__hold_r2r_vio__count__corner:min_ss_100C_1v60,0
timing__setup_vio__count__corner:min_ss_100C_1v60,22
timing__setup_r2r__ws__corner:min_ss_100C_1v60,-0.790742
timing__setup_r2r_vio__count__corner:min_ss_100C_1v60,22
timing__unannotated_net__count__corner:min_ss_100C_1v60,404
timing__unannotated_net_filtered__count__corner:min_ss_100C_1v60,0
design__max_slew_violation__count__corner:min_ff_n40C_1v95,0
design__max_fanout_violation__count__corner:min_ff_n40C_1v95,0
design__max_cap_violation__count__corner:min_ff_n40C_1v95,45
clock__skew__worst_hold__corner:min_ff_n40C_1v95,-0.49448557759187955
clock__skew__worst_setup__corner:min_ff_n40C_1v95,0.3941943272264774
timing__hold__ws__corner:min_ff_n40C_1v95,0.08858714013091085
timing__setup__ws__corner:min_ff_n40C_1v95,10.601931188597032
timing__hold__tns__corner:min_ff_n40C_1v95,0.0
timing__setup__tns__corner:min_ff_n40C_1v95,0.0
timing__hold__wns__corner:min_ff_n40C_1v95,0
timing__setup__wns__corner:min_ff_n40C_1v95,0.0
timing__hold_vio__count__corner:min_ff_n40C_1v95,0
timing__hold_r2r__ws__corner:min_ff_n40C_1v95,0.088587
timing__hold_r2r_vio__count__corner:min_ff_n40C_1v95,0
timing__setup_vio__count__corner:min_ff_n40C_1v95,0
timing__setup_r2r__ws__corner:min_ff_n40C_1v95,13.288302
timing__setup_r2r_vio__count__corner:min_ff_n40C_1v95,0
timing__unannotated_net__count__corner:min_ff_n40C_1v95,404
timing__unannotated_net_filtered__count__corner:min_ff_n40C_1v95,0
design__max_slew_violation__count__corner:max_tt_025C_1v80,59
design__max_fanout_violation__count__corner:max_tt_025C_1v80,0
design__max_cap_violation__count__corner:max_tt_025C_1v80,141
clock__skew__worst_hold__corner:max_tt_025C_1v80,-0.6595265631413273
clock__skew__worst_setup__corner:max_tt_025C_1v80,0.48702554478922916
timing__hold__ws__corner:max_tt_025C_1v80,0.2761437823234504
timing__setup__ws__corner:max_tt_025C_1v80,7.307459733042426
timing__hold__tns__corner:max_tt_025C_1v80,0.0
timing__setup__tns__corner:max_tt_025C_1v80,0.0
timing__hold__wns__corner:max_tt_025C_1v80,0
timing__setup__wns__corner:max_tt_025C_1v80,0.0
timing__hold_vio__count__corner:max_tt_025C_1v80,0
timing__hold_r2r__ws__corner:max_tt_025C_1v80,0.276144
timing__hold_r2r_vio__count__corner:max_tt_025C_1v80,0
timing__setup_vio__count__corner:max_tt_025C_1v80,0
timing__setup_r2r__ws__corner:max_tt_025C_1v80,8.594495
timing__setup_r2r_vio__count__corner:max_tt_025C_1v80,0
timing__unannotated_net__count__corner:max_tt_025C_1v80,404
timing__unannotated_net_filtered__count__corner:max_tt_025C_1v80,0
design__max_slew_violation__count__corner:max_ss_100C_1v60,5061
design__max_fanout_violation__count__corner:max_ss_100C_1v60,0
design__max_cap_violation__count__corner:max_ss_100C_1v60,139
clock__skew__worst_hold__corner:max_ss_100C_1v60,-0.9468093244081762
clock__skew__worst_setup__corner:max_ss_100C_1v60,0.6591936072468255
timing__hold__ws__corner:max_ss_100C_1v60,-0.06048073324459691
timing__setup__ws__corner:max_ss_100C_1v60,-2.031297854083162
timing__hold__tns__corner:max_ss_100C_1v60,-0.06048073324459691
timing__setup__tns__corner:max_ss_100C_1v60,-73.6117676538511
timing__hold__wns__corner:max_ss_100C_1v60,-0.06048073324459691
timing__setup__wns__corner:max_ss_100C_1v60,-2.031297854083162
timing__hold_vio__count__corner:max_ss_100C_1v60,1
timing__hold_r2r__ws__corner:max_ss_100C_1v60,0.806956
timing__hold_r2r_vio__count__corner:max_ss_100C_1v60,0
timing__setup_vio__count__corner:max_ss_100C_1v60,116
timing__setup_r2r__ws__corner:max_ss_100C_1v60,-2.031298
timing__setup_r2r_vio__count__corner:max_ss_100C_1v60,116
timing__unannotated_net__count__corner:max_ss_100C_1v60,404
timing__unannotated_net_filtered__count__corner:max_ss_100C_1v60,0
design__max_slew_violation__count__corner:max_ff_n40C_1v95,0
design__max_fanout_violation__count__corner:max_ff_n40C_1v95,0
design__max_cap_violation__count__corner:max_ff_n40C_1v95,145
clock__skew__worst_hold__corner:max_ff_n40C_1v95,-0.5381690800880495
clock__skew__worst_setup__corner:max_ff_n40C_1v95,0.4228267022855829
timing__hold__ws__corner:max_ff_n40C_1v95,0.08196576982478126
timing__setup__ws__corner:max_ff_n40C_1v95,10.145143678961684
timing__hold__tns__corner:max_ff_n40C_1v95,0.0
timing__setup__tns__corner:max_ff_n40C_1v95,0.0
timing__hold__wns__corner:max_ff_n40C_1v95,0
timing__setup__wns__corner:max_ff_n40C_1v95,0.0
timing__hold_vio__count__corner:max_ff_n40C_1v95,0
timing__hold_r2r__ws__corner:max_ff_n40C_1v95,0.081966
timing__hold_r2r_vio__count__corner:max_ff_n40C_1v95,0
timing__setup_vio__count__corner:max_ff_n40C_1v95,0
timing__setup_r2r__ws__corner:max_ff_n40C_1v95,12.784932
timing__setup_r2r_vio__count__corner:max_ff_n40C_1v95,0
timing__unannotated_net__count__corner:max_ff_n40C_1v95,404
timing__unannotated_net_filtered__count__corner:max_ff_n40C_1v95,0
timing__unannotated_net__count,404
timing__unannotated_net_filtered__count,0
design_powergrid__voltage__worst__net:VPWR__corner:nom_tt_025C_1v80,1.7994
design_powergrid__drop__average__net:VPWR__corner:nom_tt_025C_1v80,1.79995
design_powergrid__drop__worst__net:VPWR__corner:nom_tt_025C_1v80,0.000601062
design_powergrid__voltage__worst__net:VGND__corner:nom_tt_025C_1v80,0.000389431
design_powergrid__drop__average__net:VGND__corner:nom_tt_025C_1v80,0.0000508582
design_powergrid__drop__worst__net:VGND__corner:nom_tt_025C_1v80,0.000389431
design_powergrid__voltage__worst,0.000389431
design_powergrid__voltage__worst__net:VPWR,1.7994
design_powergrid__drop__worst,0.000601062
design_powergrid__drop__worst__net:VPWR,0.000601062
design_powergrid__voltage__worst__net:VGND,0.000389431
design_powergrid__drop__worst__net:VGND,0.000389431
ir__voltage__worst,1.8000000000000000444089209850062616169452667236328125
ir__drop__avg,0.0000514999999999999981989233510670800342268194071948528289794921875
ir__drop__worst,0.000600999999999999971744824023289766046218574047088623046875
design__xor_difference__count,0
magic__drc_error__count,0
klayout__drc_error__count,0
magic__illegal_overlap__count,0
design__lvs_device_difference__count,0
design__lvs_net_difference__count,0
design__lvs_property_fail__count,0
design__lvs_error__count,0
design__lvs_unmatched_device__count,0
design__lvs_unmatched_net__count,0
design__lvs_unmatched_pin__count,0
