revision,flow,period_ns,synth_period_ns,stage,metric,value,unit,status
8ffc662,librelane-3.0.14,30,8,global-route,instance_count,118109,cells,measured
8ffc662,librelane-3.0.14,30,8,global-route,instance_area,879704,um2,measured
8ffc662,librelane-3.0.14,30,8,global-route,core_utilization,27.5316,percent,measured
8ffc662,librelane-3.0.14,30,8,global-route,estimated_wire_length,3427020,um,measured
8ffc662,librelane-3.0.14,30,8,global-route,routing_overflow_total,0,gcells,measured
8ffc662,librelane-3.0.14,30,8,global-route,routing_utilization_total,27.82,percent,measured
8ffc662,librelane-3.0.14,30,8,global-route,antenna_violations,0,violations,measured
8ffc662,librelane-3.0.14,30,8,global-route,antenna_diodes_inserted,635,cells,measured
8ffc662,librelane-3.0.14,30,8,global-route,max_slew_violations,0,violations,measured
8ffc662,librelane-3.0.14,30,8,global-route,max_cap_violations,0,violations,measured
8ffc662,librelane-3.0.14,30,8,global-route,setup_ws_ss_100C_1v60,-9.9417,ns,measured
8ffc662,librelane-3.0.14,30,8,global-route,hold_ws_ss_100C_1v60,0.4007,ns,measured
8ffc662,librelane-3.0.14,30,8,global-route,setup_ws_tt_025C_1v80,16.4446,ns,measured
8ffc662,librelane-3.0.14,30,8,global-route,hold_ws_tt_025C_1v80,0.0679,ns,measured
8ffc662,librelane-3.0.14,30,8,global-route,setup_ws_ff_n40C_1v95,16.4118,ns,measured
8ffc662,librelane-3.0.14,30,8,global-route,hold_ws_ff_n40C_1v95,-0.0351,ns,measured
8ffc662,librelane-3.0.14,30,8,global-route,setup_min_period_ss,39.942,ns,derived
