corner,input_min_delay_ns,worst_hold_ns,worst_setup_ns,hold_tns_ns,hold_endpoints,from_input_port,from_register
ss_100C_1v60_min,3.0,-1.1430,11.8654,-129.2615,269,269,0
ss_100C_1v60_nom,3.0,-1.5159,10.6889,-252.7856,553,553,0
ss_100C_1v60_max,3.0,-1.8979,9.4961,-494.6416,1016,1016,0
tt_025C_1v80_min,3.0,0.4851,22.7850,0.0000,0,0,0
tt_025C_1v80_nom,3.0,0.2689,22.3776,0.0000,0,0,0
tt_025C_1v80_max,3.0,0.0322,21.9884,0.0000,0,0,0
ff_n40C_1v95_min,3.0,0.2717,25.9070,0.0000,0,0,0
ff_n40C_1v95_nom,3.0,0.2713,25.6509,0.0000,0,0,0
ff_n40C_1v95_max,3.0,0.2684,25.3950,0.0000,0,0,0
ss_100C_1v60_min,5.0,0.8570,11.8654,0.0000,0,0,0
ss_100C_1v60_nom,5.0,0.4841,10.6889,0.0000,0,0,0
ss_100C_1v60_max,5.0,0.1021,9.4961,0.0000,0,0,0
tt_025C_1v80_min,5.0,0.5609,22.7850,0.0000,0,0,0
tt_025C_1v80_nom,5.0,0.5697,22.3776,0.0000,0,0,0
tt_025C_1v80_max,5.0,0.5594,21.9884,0.0000,0,0,0
ff_n40C_1v95_min,5.0,0.2717,25.9070,0.0000,0,0,0
ff_n40C_1v95_nom,5.0,0.2713,25.6509,0.0000,0,0,0
ff_n40C_1v95_max,5.0,0.2684,25.3950,0.0000,0,0,0
ss_100C_1v60_min,6.0,1.3619,11.8654,0.0000,0,0,0
ss_100C_1v60_nom,6.0,1.3753,10.6889,0.0000,0,0,0
ss_100C_1v60_max,6.0,1.1021,9.4961,0.0000,0,0,0
tt_025C_1v80_min,6.0,0.5609,22.7850,0.0000,0,0,0
tt_025C_1v80_nom,6.0,0.5697,22.3776,0.0000,0,0,0
tt_025C_1v80_max,6.0,0.5594,21.9884,0.0000,0,0,0
ff_n40C_1v95_min,6.0,0.2717,25.9070,0.0000,0,0,0
ff_n40C_1v95_nom,6.0,0.2713,25.6509,0.0000,0,0,0
ff_n40C_1v95_max,6.0,0.2684,25.3950,0.0000,0,0,0
