limits,corner,slew_violations,cap_violations
project-0.75ns-0.2pF,ss_100C_1v60_min,9911,526
project-0.75ns-0.2pF,ss_100C_1v60_nom,13219,780
project-0.75ns-0.2pF,ss_100C_1v60_max,15977,989
project-0.75ns-0.2pF,tt_025C_1v80_min,378,522
project-0.75ns-0.2pF,tt_025C_1v80_nom,716,777
project-0.75ns-0.2pF,tt_025C_1v80_max,1396,976
project-0.75ns-0.2pF,ff_n40C_1v95_min,24,528
project-0.75ns-0.2pF,ff_n40C_1v95_nom,78,791
project-0.75ns-0.2pF,ff_n40C_1v95_max,220,985
library-per-pin,ss_100C_1v60_min,62,7
library-per-pin,ss_100C_1v60_nom,144,15
library-per-pin,ss_100C_1v60_max,272,23
library-per-pin,tt_025C_1v80_min,0,0
library-per-pin,tt_025C_1v80_nom,0,0
library-per-pin,tt_025C_1v80_max,0,0
library-per-pin,ff_n40C_1v95_min,0,0
library-per-pin,ff_n40C_1v95_nom,0,0
library-per-pin,ff_n40C_1v95_max,0,0
