capture,block_size,output_format,scores_per_64_bit_beat,mean_kl_divergence,mean_total_variation,top1_agreement,top5_index_agreement,relative_frobenius_error,status
tiny L0 H0,16,FP32,2,0.01054627,0.05721295,0.892578,0.889453,0.09696196,measured
tiny L0 H0,16,FP16,4,0.01054589,0.05721309,0.892578,0.889844,0.09696167,measured
tiny L0 H0,16,BF16,4,0.01057917,0.05728805,0.892578,0.889063,0.0969756,measured
tiny L1 H0,16,FP32,2,0.0401144,0.10328212,0.876953,0.975,0.05807238,measured
tiny L1 H0,16,FP16,4,0.04010279,0.10326634,0.876953,0.975,0.05807267,measured
tiny L1 H0,16,BF16,4,0.0402888,0.10363453,0.878906,0.974609,0.05809851,measured
tiny L1 H1,16,FP32,2,0.03944152,0.10347633,0.875,0.975,0.0579756,measured
tiny L1 H1,16,FP16,4,0.03944012,0.10346325,0.875,0.975,0.05797555,measured
tiny L1 H1,16,BF16,4,0.03937372,0.10338468,0.878906,0.975,0.05799999,measured
small L3 H0,16,FP32,2,0.01943765,0.06458645,0.941406,0.894531,0.12520953,measured
small L3 H0,16,FP16,4,0.01943526,0.06456141,0.941406,0.894922,0.12520964,measured
small L3 H0,16,BF16,4,0.01951814,0.06477377,0.9375,0.892969,0.12522761,measured
