protocol,tile_size,score_lanes,scale_block_size,engine_count,sequence_length,core_cycles,input_beats,output_beats,projected_cycles,model_error,status
v5,4,1,16,1,512,1050696,266240,131072,1050696,0,measured
v5,4,1,16,2,512,526424,266240,131072,526424,0,measured
v5,4,1,16,4,512,266344,266240,131072,266344,0,measured
v5,4,1,16,8,512,266344,266240,131072,266344,0,measured
v5,4,1,16,16,512,266344,266240,131072,266344,0,measured
v6,4,1,16,1,512,1052728,6144,131072,1052728,0,measured
v6,4,1,16,2,512,528448,6144,131072,528448,0,measured
v6,4,1,16,4,512,266320,6144,131072,266320,0,measured
v6,4,1,16,8,512,135280,6144,131072,135280,0,measured
v6,4,1,16,16,512,135280,6144,131072,135280,0,measured
