capture,block_size,scale_type,scale_bytes_per_element,scale_operation,mean_kl_divergence,mean_total_variation,top1_agreement,top5_index_agreement,relative_frobenius_error,clipped_input_fraction,status
tiny L0 H0,16,FP32,0.25,24x24 significand multiply,0.01054627,0.05721295,0.892578,0.889453,0.09696196,0.0,measured software model
tiny L0 H0,16,FP32-4over6,0.25,24x24 significand multiply,0.0091847,0.05350014,0.892578,0.889063,0.08849231,0.0,measured software model
tiny L0 H0,16,E4M3,0.0625,4-bit significand multiply,0.01099593,0.0584687,0.896484,0.890234,0.09822338,0.034576,measured software model
tiny L0 H0,16,E4M3-4over6,0.0625,4-bit significand multiply,0.00939306,0.05437536,0.900391,0.889453,0.08940094,0.019989,measured software model
tiny L0 H0,16,E4M3-search,0.0625,4-bit significand multiply,0.00786384,0.04958082,0.910156,0.898438,0.08291675,0.02977,measured software model
tiny L0 H0,16,E8M0-OCP,0.0625,exponent add only,0.01979065,0.07883279,0.845703,0.86875,0.12490223,0.041611,measured software model
tiny L0 H0,16,E8M0-ceil,0.0625,exponent add only,0.01670554,0.07231539,0.837891,0.859766,0.11739848,0.0,measured software model
tiny L0 H0,16,E8M0-UOS,0.0625,exponent add only,0.01655414,0.07183216,0.833984,0.871875,0.11521833,0.022079,measured software model
tiny L1 H0,16,FP32,0.25,24x24 significand multiply,0.0401144,0.10328212,0.876953,0.975,0.05807238,0.0,measured software model
tiny L1 H0,16,FP32-4over6,0.25,24x24 significand multiply,0.03561321,0.09783659,0.865234,0.980859,0.05125506,0.0,measured software model
tiny L1 H0,16,E4M3,0.0625,4-bit significand multiply,0.03923916,0.10164686,0.884766,0.976172,0.05766207,0.035583,measured software model
tiny L1 H0,16,E4M3-4over6,0.0625,4-bit significand multiply,0.03168038,0.09011796,0.900391,0.975781,0.0522474,0.019745,measured software model
tiny L1 H0,16,E4M3-search,0.0625,4-bit significand multiply,0.02741015,0.08472666,0.890625,0.980859,0.04949146,0.029755,measured software model
tiny L1 H0,16,E8M0-OCP,0.0625,exponent add only,0.06732967,0.13897241,0.824219,0.970703,0.08957665,0.049057,measured software model
tiny L1 H0,16,E8M0-ceil,0.0625,exponent add only,0.06309997,0.13207667,0.841797,0.973047,0.07003962,0.0,measured software model
tiny L1 H0,16,E8M0-UOS,0.0625,exponent add only,0.05932941,0.12816386,0.839844,0.975781,0.07114912,0.028412,measured software model
tiny L1 H1,16,FP32,0.25,24x24 significand multiply,0.03944152,0.10347633,0.875,0.975,0.0579756,0.0,measured software model
tiny L1 H1,16,FP32-4over6,0.25,24x24 significand multiply,0.03651988,0.10237268,0.871094,0.98125,0.05145791,0.0,measured software model
tiny L1 H1,16,E4M3,0.0625,4-bit significand multiply,0.03941234,0.10309749,0.892578,0.975781,0.05864961,0.034027,measured software model
tiny L1 H1,16,E4M3-4over6,0.0625,4-bit significand multiply,0.03670587,0.0996702,0.888672,0.980469,0.05300342,0.018692,measured software model
tiny L1 H1,16,E4M3-search,0.0625,4-bit significand multiply,0.03054484,0.09224573,0.898438,0.983594,0.04990771,0.028854,measured software model
tiny L1 H1,16,E8M0-OCP,0.0625,exponent add only,0.09408786,0.16463061,0.900391,0.967578,0.09086943,0.045044,measured software model
tiny L1 H1,16,E8M0-ceil,0.0625,exponent add only,0.07839995,0.14891282,0.900391,0.972266,0.07188354,0.0,measured software model
tiny L1 H1,16,E8M0-UOS,0.0625,exponent add only,0.08153439,0.15318946,0.896484,0.973437,0.07313924,0.026337,measured software model
small L3 H0,16,FP32,0.25,24x24 significand multiply,0.01943765,0.06458645,0.941406,0.894531,0.12520953,0.0,measured software model
small L3 H0,16,FP32-4over6,0.25,24x24 significand multiply,0.01745822,0.0624113,0.933594,0.901563,0.11555802,0.0,measured software model
small L3 H0,16,E4M3,0.0625,4-bit significand multiply,0.0215064,0.06914187,0.941406,0.892578,0.12556128,0.035858,measured software model
small L3 H0,16,E4M3-4over6,0.0625,4-bit significand multiply,0.02211778,0.07339028,0.931641,0.902344,0.11697245,0.020447,measured software model
small L3 H0,16,E4M3-search,0.0625,4-bit significand multiply,0.01875752,0.06700575,0.933594,0.908203,0.10845321,0.029816,measured software model
small L3 H0,16,E8M0-OCP,0.0625,exponent add only,0.0402634,0.09763252,0.912109,0.871484,0.15780704,0.04007,measured software model
small L3 H0,16,E8M0-ceil,0.0625,exponent add only,0.04147954,0.09289889,0.929688,0.876953,0.15122653,0.0,measured software model
small L3 H0,16,E8M0-UOS,0.0625,exponent add only,0.03556816,0.09008132,0.921875,0.876953,0.1474448,0.023865,measured software model
