protocol,tile_size,engine_count,cycles,input_floor,calc_work,scale_work,output_floor,k_reload_work,binder,status
v3,4,1,1049666,265216,1048576,425984,131072,262144,CALC,measured exact
v3,4,2,525378,265216,524288,212992,131072,262144,CALC,projected
v3,4,4,265216,265216,262144,106496,131072,262144,INPUT,projected
v3,4,8,265216,265216,131072,53248,131072,262144,INPUT,projected
v3,4,16,265216,265216,65536,26624,131072,262144,INPUT,projected
v3,8,1,304288,134144,262144,303104,131072,131072,SCALING,measured exact
v3,8,2,152736,134144,131072,151552,131072,131072,SCALING,projected
v3,8,4,134144,134144,65536,75776,131072,131072,INPUT,projected
v3,8,8,134144,134144,32768,37888,131072,131072,INPUT,projected
v3,8,16,134144,134144,16384,18944,131072,131072,INPUT,projected
v3,16,1,273728,68608,65536,272384,131072,65536,SCALING,measured exact
v3,16,2,137536,68608,32768,136192,131072,65536,SCALING,projected
v3,16,4,132416,68608,16384,68096,131072,65536,OUTPUT,projected
v3,16,8,132416,68608,8192,34048,131072,65536,OUTPUT,projected
v3,16,16,132416,68608,4096,17024,131072,65536,OUTPUT,projected
v4,4,1,1051698,5120,1048576,425984,131072,0,CALC,measured exact
v4,4,2,527410,5120,524288,212992,131072,0,CALC,projected
v4,4,4,265266,5120,262144,106496,131072,0,CALC,projected
v4,4,8,134194,5120,131072,53248,131072,0,CALC,projected
v4,4,16,134194,5120,65536,26624,131072,0,OUTPUT,projected
v4,8,1,306304,5120,262144,303104,131072,0,SCALING,measured exact
v4,8,2,154752,5120,131072,151552,131072,0,SCALING,projected
v4,8,4,134272,5120,65536,75776,131072,0,OUTPUT,projected
v4,8,8,134272,5120,32768,37888,131072,0,OUTPUT,projected
v4,8,16,134272,5120,16384,18944,131072,0,OUTPUT,projected
v4,16,1,275712,5120,65536,272384,131072,0,SCALING,measured exact
v4,16,2,139520,5120,32768,136192,131072,0,SCALING,projected
v4,16,4,134400,5120,16384,68096,131072,0,OUTPUT,projected
v4,16,8,134400,5120,8192,34048,131072,0,OUTPUT,projected
v4,16,16,134400,5120,4096,17024,131072,0,OUTPUT,projected
